{
    "Бах - Сюита №2": {
        "least_squares": [
            1335225.0442762105,
            -372.42180449681587,
            0.020151413133588078
        ]
    },
    "Бетховаен - к Элизе": {
        "least_squares": [
            987374.2778919531,
            -308.4322490014727,
            0.017104223521775135
        ]
    },
    "Бетховен - Лунная Соната": {
        "least_squares": [
            1894796.3284812323,
            -576.5586247737091,
            0.031969895500779326
        ]
    },
    "Моцарт - симфония №40": {
        "least_squares": [
            4238124.240015834,
            -1079.0347722855736,
            0.059009538677643684
        ]
    },
    "Моцарт - Соната №11": {
        "least_squares": [
            1572513.1230953003,
            -454.57188927057376,
            0.024720670201459058
        ]
    },
    "Bullet for my valentine - Tears Dont Fall": {
        "least_squares": [
            11895755.447800692,
            -1883.71134207897,
            0.1027607842540716
        ]
    },
    "No": {
        "least_squares": [
            8370212.4065576615,
            -1529.289617354872,
            0.08061793770279263
        ]
    },
    "Lamb Of God - Walk with Me In Hell": {
        "least_squares": [
            11277937.840188958,
            -1862.9766876441354,
            0.10009199618245883
        ]
    },
    "METALLICA - Nothing Else Matters ": {
        "least_squares": [
            8222068.660118128,
            -1056.0923047891317,
            0.05146607696025081
        ]
    },
    "DABRO - Юность": {
        "least_squares": [
            8563055.038976602,
            -1153.3805591779192,
            0.055914460998349055
        ]
    },
    "Lady Gaga - Paparazzi": {
        "least_squares": [
            9587465.09273706,
            -1510.915378187358,
            0.0787113010121582
        ]
    },
    "Хлеб - Шашлындос": {
        "least_squares": [
            8459780.855113387,
            -1306.303726501952,
            0.07024589465269147
        ]
    },
    "Юрий Шатунов - Седая Ночь": {
        "least_squares": [
            10466013.365572562,
            -1206.0802299615984,
            0.05917241979021842
        ]
    },
    "Guns & Roses - Don't Cry": {
        "least_squares": [
            8610624.495475426,
            -1573.133172491201,
            0.08349417639710567
        ]
    },
    "OPETH - Benighted": {
        "least_squares": [
            4107554.9059323645,
            -692.7577718864633,
            0.03665741760203017
        ]
    },
    "QUEEN - We Will Rock You": {
        "least_squares": [
            6925896.719748869,
            -1431.1667541703641,
            0.07726901553566169
        ]
    },
    "SCORPIONS - Still Loving You": {
        "least_squares": [
            13355920.164206693,
            -1785.01488068594,
            0.09714944163580898
        ]
    }
}